Emotional Words,Positive Commitment Words,Social Words,Positive Adjectives,Empathetic Words,Politeness Markers,Abstract Words,Concrete Words,Modals,Positive Words,Negative Words,Anxiety Words
unique,achieve,friend,fun,understand,please,abstract,apple,will,happy,sad,anxious
novel,complete,party,amazing,care,thank you,theoretical,car,would,joy,angry,nervous
exciting,plan,gathering,exciting,support,sorry,imaginative,house,can,love,hate,worry
curious,goal,social,wonderful,help,pardon,conceptual,dog,could,excited,bored,tense
explore,schedule,network,joyful,empathize,excuse me,creative,cat,should,grateful,jealous,stressed
imagine,deadline,community,happy,sympathy,would,innovative,tree,might,kind,rude,panic
visionary,organize,group,pleasant,compassion,could,visionary,book,may,friendly,dishonest,fear
insightful,responsibility,chat,satisfying,kindness,may,original,computer,must,honest,greedy,uneasy
dream,focus,connect,fantastic,concern,might,unconventional,bicycle,shall,generous,selfish,overwhelmed
original,dedicate,club,incredible,appreciate,appreciate,artistic,flower,ought,supportive,aggressive,scared
artistic,devote,team,awesome,listen,grateful,experimental,table,intend,cheerful,annoying,apprehensive
adventurous,fulfill,support,spectacular,forgive,thanks,symbolic,chair,plan,amazing,bitter,restless
inventive,reliable,share,remarkable,share,kindly,intuitive,road,aim,awesome,confused,distressed
pioneering,steady,interaction,delightful,aid,please,hypothetical,water,commit,brilliant,depressed,insecure
creative,arrange,converse,cheerful,assist,regards,philosophical,mountain,vow,beautiful,dissatisfied,dread
wonder,commit,dialogue,bright,comfort,sincerely,metaphorical,river,promise,fantastic,disappointed,troubled
discover,target,engage,enthusiastic,console,if you could,speculative,phone,determine,great,miserable,alarmed
risk,task,join,grateful,reassure,would you mind,unique,city,resolve,inspiring,nervous,afraid
ambitious,agenda,event,blessed,respect,apologies,unusual,country,decide,peaceful,offensive,jittery
revolutionary,accomplish,networking,fortunate,recognize,appreciated,dreamy,building,promise,pleasant,pessimistic,pressure
transform,determine,conference,content,acknowledge,would love,fanciful,sandwich,attempt,encouraging,unhappy,agitated
experiment,consistent,circle,love,encourage,forgive,idealistic,shoe,try,enthusiastic,resentful,frustrated
challenge,habit,acquaintance,lovely,accept,understand,enlightened,clothing,strive,warm,stubborn,fearful
bold,routine,relationship,marvelous,forgive,thank,perceptive,street,dedicate,uplifting,irritable,obsessive
distinctive,discipline,bond,perfect,consider,acknowledge,insightful,park,focus,marvelous,gloomy,suspicious
progressive,strategy,meet,good,accommodate,respectfully,curious,movie,schedule,wonderful,worried,paranoid
diverse,management,hangout,great,cooperate,consider,exploratory,television,prioritize,successful,frustrated,inhibited
idealistic,priority,communicate,fabulous,collaborate,honor,inventive,beach,organize,talented,hostile,self-conscious
thoughtful,result,society,brilliant,sympathize,commend,progressive,ocean,arrange,blessed,irate,sensitive
liberating,outcome,fellow,positive,gentle,cordially,versatile,sky,prepare,helpful,intolerant,touchy
philosophical,aim,associate,energetic,heartfelt,truly,adaptive,sun,finish,accomplished,insecure,upset
mindful,purpose,introduce,uplifting,sensitivity,thankful,free-thinking,moon,complete,optimistic,lazy,fretful
contemplate,strategy,reunion,happy-go-lucky,thoughtfulness,warm regards,flexible,star,achieve,fortunate,mean,guilty
passionate,task,buddy,cheery,benevolence,cheers,open-minded,cloud,accomplish,reliable,impatient,ashamed
vision,fulfillment,link,glad,care,excuse,nontraditional,fire,finalize,polite,arrogant,compulsive
fascinate,assure,ally,ecstatic,affirm,beg,eclectic,camera,attend,trustworthy,cowardly,disturbed
wonderful,methodical,guest,thrilled,praise,kindest regards,diverse,watch,manage,valuable,hopeless,vulnerable
brave,checklist,attend,elated,embrace,best wishes,multi-faceted,lamp,handle,praiseworthy,ashamed,timid
ambition,process,collaborate,optimistic,hug,truly yours,resourceful,guitar,oversee,admirable,fearful,withdrawn
dreamer,routine,companion,passionate,smile,obliged,artsy,piano,direct,hopeful,guilty,isolated
aspire,planning,peer,vivacious,kind,express,whimsical,music,control,faithful,hurt,angst
unconventional,punctual,flock,zestful,sincere,respectful,quirky,dance,monitor,considerate,insulting,down
innovative,diligent,gather,joyous,genuine,obliging,futuristic,exercise,review,caring,obnoxious,lonely
reflective,prudent,get-together,buoyant,humble,sorry to,groundbreaking,sports,check,charming,overwhelmed,burnout
express,calculation,crowd,gleeful,generous,if itâ€™s not too much trouble,advanced,game,observe,respectful,regretful,trauma
interpret,logical,mob,inspired,giving,delighted,sophisticated,school,ensure,lovable,scared,discontent
curiosity,schedule,ally,peaceful,benefit,acknowledge,high-minded,teacher,guarantee,genuine,unpleasant,grief
exploratory,calm,intimacy,tranquil,selfless,with respect,abstracted,student,secure,honorable,vulgar,mourning
freethinker,compose,chatroom,calm,unselfish,gracious,vanguard,friend,confirm,content,weak,sorrow
creativity,arrange,date,satisfied,tenderness,privileged,leading-edge,family,approve,passionate,worthless,disturbance
mystery,sequence,networked,radiant,modesty,gratefully,trendsetting,meeting,inspect,motivated,alienated,melancholy
inspired,ordered,informal,joy,unassuming,appreciative,inquisitive,party,certify,bright,apathetic,bothered
unique,stability,formal,bubbly,kind-hearted,if possible,unfettered,holiday,audit,productive,apprehensive,tormented
question,persistence,celebrate,blissful,compassionate,thank,introspective,vacation,evaluate,playful,awkward,agonize
doubt,finish,supportive,sunny,empathy,courteous,maverick,journey,measure,vibrant,clueless,trembling
insight,completion,accompany,heartwarming,charitable,regardful,nonconformist,food,quantify,strong,cold,resigned
symbolize,execution,partner,good-natured,honor,humbled,pioneering,drink,assess,resilient,critical,burdened
nuance,follow-up,forum,delighted,treat,honored,revolutionary,meal,analyze,appreciative,cruel,detached
detail,punctuality,venue,cheer,dedicate,praise,proactive,breakfast,report,creative,cynical,hollow
aesthetic,preparation,outreach,lively,tolerate,gratefulness,dynamic,lunch,record,determined,dejected,hopeless
refine,organize,public,hilarious,kindhearted,respect,expansive,dinner,document,patient,disillusioned,downhearted
speculate,consistency,meeting,contented,understanding,oblige,fluid,snack,file,loving,disrespected,uneasiness
theorize,habitual,guest,enchanted,affectionate,grace,boundary-pushing,recipe,archive,comforting,doubtful,hopelessness
consider,committed,community,hopeful,loving,mercy,boundary-less,garden,maintain,courageous,exhausted,insomnia
perspective,effort,assembly,upbeat,amity,compliment,open-ended,yard,update,dedicated,foolish,depression
philosophize,maintenance,committee,vivacious,devoted,chivalrous,limitless,computer,refresh,eager,forgotten,doubtful
conceptualize,secure,cooperate,energized,brotherly,considerate,ambitious,internet,renew,effective,grim,suspicious
abstract,plan,participate,perky,loving-kindness,warmly,resourceful,website,restore,empowered,helpless,helpless
colorful,assessment,socialize,playful,endearment,appreciatively,free-spirited,application,backup,encouraged,humiliated,strained
transformative,step-by-step,family,chipper,nurture,with gratitude,bold,software,preserve,energetic,ignorant,irritable
sculpt,confidence,gathering,thrilling,guardian,cherish,dauntless,hardware,protect,forgiving,inadequate,miserable
compose,hardworking,greet,hearty,caregiving,hold dear,audacious,tool,safeguard,fortunate,incompetent,self-doubt
paint,organization,coalition,grinning,altruism,defer,unrestrained,machine,shield,glad,insensitive,fearfulness
envision,productivity,clubhouse,jovial,patience,venerate,playful,appliance,defend,hopeful,isolated,angry
puzzle,work,call,warm-hearted,obliging,bow,fresh,vehicle,support,imaginative,judgmental,compromised
riddle,outline,accompany,exuberant,friendship,meekly,cutting-edge,train,sustain,incredible,lost,flustered
artistry,achievable,encounter,heartening,companionship,affectionately,originality,bus,uphold,innovative,misunderstood,reclusive
exotic,calculation,contact,glorious,loyalty,,insight,motorcycle,encourage,involved,moody,irritated
journey,measure,neighborhood,splendid,supportive,,cerebral,airplane,motivate,joyful,neglected,melancholic
worldly,careful,association,exultant,gentleness,,savant,helicopter,inspire,jubilant,numb,withdrawal
foreign,quality,fellowship,jubilant,fondness,,forward-thinking,rocket,build,lively,overlooked,worn-out
sophisticated,growth,network,ebullient,faithful,,avant-garde,building,construct,mindful,panicked,defeated
refinement,development,union,pumped,reliable,,dreamlike,bridge,create,nurturing,paranoid,on-edge
sensual,conservative,web,joyful,warm,,creative-thinking,tunnel,develop,open-minded,passive,faint-hearted
enchanting,steady,chat,gratified,devotion,,inventiveness,airport,establish,outgoing,pessimistic,isolated
hypnotize,analyze,reunion,pleasantly,trustworthy,,imaginativeness,station,expand,peaceful,rejected,despair
spellbinding,assess,accompany,satisfied,gratitude,,open-hearted,terminal,grow,polished,restless,emotional
charismatic,timetable,association,bliss,appreciation,,accepting,office,improve,powerful,self-conscious,confused
eclectic,framework,hang,giggly,friendship,,welcoming,factory,enhance,proactive,self-doubt,low-spirited
intuitive,projection,call,caring,warm-hearted,,multidimensional,store,advance,radiant,shameful,pessimistic
transcend,check,laugh,adorable,,,spontaneous,market,progress,refined,tense,meltdown
vivid,dedication,mingle,,,,improvisational,mall,pursue,reliable,timid,overwhelmed
fantasy,secure,banter,,,,explorative,restaurant,follow,remarkable,unappreciated,alienated
metaphor,polish,jovial,,,,adventurous,cafe,adhere,resourceful,unfulfilled,conflicted
playful,,,,,,vision,bar,comply,respected,unimportant,disconnected
,,,,,,perspective,gym,obey,sincere,unmotivated,misunderstood
,,,,,,novel,club,conform,skillful,unstable,phobia
,,,,,,experimentalist,studio,stick,smart,uptight,neurotic
,,,,,,cognitive,workshop,observe,supportive,useless,anxieties
,,,,,,open-endedness,laboratory,uphold,thoughtful,victimized,bleak
,,,,,,,classroom,guide,,,
,,,,,,,auditorium,mentor,,,
,,,,,,,theater,coach,,,
,,,,,,,concert,train,,,
,,,,,,,exhibition,educate,,,
,,,,,,,art,,,,
,,,,,,,painting,,,,
,,,,,,,sculpture,,,,
,,,,,,,photography,,,,
,,,,,,,literature,,,,
,,,,,,,poetry,,,,
,,,,,,,novel,,,,
,,,,,,,story,,,,
,,,,,,,play,,,,
,,,,,,,drama,,,,
